<?xml version="1.0" encoding="UTF-8"?><items hlblockUid="Cities" exchangeVersion="2"><item><field name="UF_NAME"><value>Москва</value></field><field name="UF_REGION"><value>1</value></field></item><item><field name="UF_NAME"><value>Бахчисарай</value></field><field name="UF_REGION"><value>2</value></field></item><item><field name="UF_NAME"><value>Крым</value></field><field name="UF_REGION"><value>2</value></field></item><item><field name="UF_NAME"><value>Городской округ Щёлково</value></field><field name="UF_REGION"><value>1</value></field></item><item><field name="UF_NAME"><value>Щёлково</value></field><field name="UF_REGION"><value>1</value></field></item><item><field name="UF_NAME"><value>Фрязино</value></field><field name="UF_REGION"><value>1</value></field></item><item><field name="UF_NAME"><value>деревня Гребнево</value></field><field name="UF_REGION"><value>1</value></field></item><item><field name="UF_NAME"><value>Шоссейная улица</value></field><field name="UF_REGION"><value>1</value></field></item><item><field name="UF_NAME"><value>Ломоносовский район</value></field><field name="UF_REGION"><value>3</value></field></item><item><field name="UF_NAME"><value>Порожки</value></field><field name="UF_REGION"><value>3</value></field></item><item><field name="UF_NAME"><value>дер. Сойкино</value></field><field name="UF_REGION"><value>3</value></field></item><item><field name="UF_NAME"><value>Онгудайский район</value></field><field name="UF_REGION"><value>4</value></field></item><item><field name="UF_NAME"><value>с. Инегень</value></field><field name="UF_REGION"><value>4</value></field></item><item><field name="UF_NAME"><value> Хостинский район</value></field><field name="UF_REGION"><value>5</value></field></item><item><field name="UF_NAME"><value>Сочи</value></field><field name="UF_REGION"><value>5</value></field></item><item><field name="UF_NAME"><value>село Веськово</value></field><field name="UF_REGION"><value>6</value></field></item><item><field name="UF_NAME"><value>Хостинский район</value></field><field name="UF_REGION"><value>5</value></field></item><item><field name="UF_NAME"><value>Солнечноселье</value></field><field name="UF_REGION"><value>2</value></field></item><item><field name="UF_NAME"><value>Порецкое</value></field><field name="UF_REGION"><value>1</value></field></item><item><field name="UF_NAME"><value>Можайский район</value></field><field name="UF_REGION"><value>1</value></field></item><item><field name="UF_NAME"><value>Полесский район</value></field><field name="UF_REGION"><value>7</value></field></item><item><field name="UF_NAME"><value>пос. Ушаковка</value></field><field name="UF_REGION"><value>7</value></field></item><item><field name="UF_NAME"><value>Ольхонский район</value></field><field name="UF_REGION"><value>8</value></field></item><item><field name="UF_NAME"><value>пос. Хужир</value></field><field name="UF_REGION"><value>8</value></field></item><item><field name="UF_NAME"><value>дер. Оксино</value></field><field name="UF_REGION"><value>1</value></field></item><item><field name="UF_NAME"><value>Чеховский район</value></field><field name="UF_REGION"><value>1</value></field></item><item><field name="UF_NAME"><value>Ижевск</value></field><field name="UF_REGION"><value>9</value></field></item><item><field name="UF_NAME"><value>Адлер</value></field><field name="UF_REGION"><value>5</value></field></item><item><field name="UF_NAME"><value>дер. Старо</value></field><field name="UF_REGION"><value>1</value></field></item><item><field name="UF_NAME"><value>Гоцатль</value></field><field name="UF_REGION"><value>10</value></field></item><item><field name="UF_NAME"><value>долина Сартакпая</value></field><field name="UF_REGION"><value>4</value></field></item><item><field name="UF_NAME"><value>Чемальский район</value></field><field name="UF_REGION"><value>4</value></field></item><item><field name="UF_NAME"><value>деревня Клеймёново</value></field><field name="UF_REGION"><value>1</value></field></item><item><field name="UF_NAME"><value>с. Кидекша</value></field><field name="UF_REGION"><value>11</value></field></item><item><field name="UF_NAME"><value>Ворсма</value></field><field name="UF_REGION"><value>12</value></field></item><item><field name="UF_NAME"><value>пос. Поведники</value></field><field name="UF_REGION"><value>1</value></field></item><item><field name="UF_NAME"><value>Красноярск</value></field><field name="UF_REGION"><value>13</value></field></item><item><field name="UF_NAME"><value>Тазбичи</value></field><field name="UF_REGION"><value>14</value></field></item><item><field name="UF_NAME"><value>с. Эсто-Садок</value></field><field name="UF_REGION"><value>5</value></field></item><item><field name="UF_NAME"><value>пос. Бунырево</value></field><field name="UF_REGION"><value>15</value></field></item><item><field name="UF_NAME"><value>Всеволожск</value></field><field name="UF_REGION"><value>3</value></field></item><item><field name="UF_NAME"><value>Мурманск</value></field><field name="UF_REGION"><value>16</value></field></item><item><field name="UF_NAME"><value>Ялта</value></field><field name="UF_REGION"><value>2</value></field></item><item><field name="UF_NAME"><value>Звенигород</value></field><field name="UF_REGION"><value>1</value></field></item><item><field name="UF_NAME"><value>с. Анос</value></field><field name="UF_REGION"><value>4</value></field></item><item><field name="UF_NAME"><value>с. Чвижепсе</value></field><field name="UF_REGION"><value>5</value></field></item><item><field name="UF_NAME"><value>с. Армхи</value></field><field name="UF_REGION"><value>17</value></field></item><item><field name="UF_NAME"><value>пос. Верхняя Сысерть</value></field><field name="UF_REGION"><value>18</value></field></item><item><field name="UF_NAME"><value>пос. Большой Сочи</value></field><field name="UF_REGION"><value>5</value></field></item><item><field name="UF_NAME"><value>Тула</value></field><field name="UF_REGION"><value>15</value></field></item><item><field name="UF_NAME"><value>дер. Ново-Окатово</value></field><field name="UF_REGION"><value>19</value></field></item><item><field name="UF_NAME"><value>Тверь</value></field><field name="UF_REGION"><value>18</value></field></item><item><field name="UF_NAME"><value>пос. Полазна</value></field><field name="UF_REGION"><value>20</value></field></item><item><field name="UF_NAME"><value>Пермь</value></field><field name="UF_REGION"><value>20</value></field></item><item><field name="UF_NAME"><value>Конаково</value></field><field name="UF_REGION"><value>19</value></field></item><item><field name="UF_NAME"><value>дер. Едимоновские Горки</value></field><field name="UF_REGION"><value>19</value></field></item><item><field name="UF_NAME"><value>Бирск</value></field><field name="UF_REGION"><value>21</value></field></item><item><field name="UF_NAME"><value>Сосновый Бор</value></field><field name="UF_REGION"><value>3</value></field></item><item><field name="UF_NAME"><value>Курай</value></field><field name="UF_REGION"><value>4</value></field></item><item><field name="UF_NAME"><value>Звенигород</value></field><field name="UF_REGION"><value>1</value></field></item><item><field name="UF_NAME"><value>дер. Вележево</value></field><field name="UF_REGION"><value>15</value></field></item><item><field name="UF_NAME"><value>Зубцов</value></field><field name="UF_REGION"><value>19</value></field></item><item><field name="UF_NAME"><value>деревня Ерёмино</value></field><field name="UF_REGION"><value>1</value></field></item><item><field name="UF_NAME"><value>Тамань</value></field><field name="UF_REGION"><value>5</value></field></item><item><field name="UF_NAME"><value>д. Замошье</value></field><field name="UF_REGION"><value>3</value></field></item><item><field name="UF_NAME"><value>с. Аскат</value></field><field name="UF_REGION"><value>4</value></field></item><item><field name="UF_NAME"><value>Можайск</value></field><field name="UF_REGION"><value>1</value></field></item><item><field name="UF_NAME"><value>деревня Лебедки</value></field><field name="UF_REGION"><value>22</value></field></item><item><field name="UF_NAME"><value>Айский сельсовет</value></field><field name="UF_REGION"><value>4</value></field></item><item><field name="UF_NAME"><value>Рязань</value></field><field name="UF_REGION"><value>23</value></field></item><item><field name="UF_NAME"><value>с.п. Верхне-Чегемское</value></field><field name="UF_REGION"><value>24</value></field></item><item><field name="UF_NAME"><value>Ильмень </value></field><field name="UF_REGION"><value>25</value></field></item><item><field name="UF_NAME"><value>Новгород</value></field><field name="UF_REGION"><value>25</value></field></item><item><field name="UF_NAME"><value>село Паратунка</value></field><field name="UF_REGION"><value>26</value></field></item><item><field name="UF_NAME"><value>Нижний Кегер</value></field><field name="UF_REGION"><value>10</value></field></item><item><field name="UF_NAME"><value>Туапсинский район</value></field><field name="UF_REGION"><value>5</value></field></item><item><field name="UF_NAME"><value>Туапсе</value></field><field name="UF_REGION"><value>5</value></field></item><item><field name="UF_NAME"><value>село Гуниб</value></field><field name="UF_REGION"><value>10</value></field></item><item><field name="UF_NAME"><value>деревня Игнатьево</value></field><field name="UF_REGION"><value>1</value></field></item><item><field name="UF_NAME"><value>Галицыно</value></field><field name="UF_REGION"><value>5</value></field></item><item><field name="UF_NAME"><value>Манасское взморье</value></field><field name="UF_REGION"><value>10</value></field></item><item><field name="UF_NAME"><value>Микрах</value></field><field name="UF_REGION"><value>10</value></field></item><item><field name="UF_NAME"><value>Головинка</value></field><field name="UF_REGION"><value>5</value></field></item><item><field name="UF_NAME"><value>Соколово</value></field><field name="UF_REGION"><value>1</value></field></item><item><field name="UF_NAME"><value>Передел</value></field><field name="UF_REGION"><value>27</value></field></item><item><field name="UF_NAME"><value>Красный Огорок</value></field><field name="UF_REGION"><value>11</value></field></item><item><field name="UF_NAME"><value>Лахденпохья</value></field><field name="UF_REGION"><value>28</value></field></item><item><field name="UF_NAME"><value>Санкт-Петербург</value></field><field name="UF_REGION"><value>3</value></field></item><item><field name="UF_NAME"><value>Зеленогорск</value></field><field name="UF_REGION"><value>3</value></field></item><item><field name="UF_NAME"><value>Старая Руза</value></field><field name="UF_REGION"><value>1</value></field></item><item><field name="UF_NAME"><value>Якорная Щель</value></field><field name="UF_REGION"><value>5</value></field></item><item><field name="UF_NAME"><value>Введенье</value></field><field name="UF_REGION"><value>6</value></field></item><item><field name="UF_NAME"><value>Ярославль</value></field><field name="UF_REGION"><value>6</value></field></item><item><field name="UF_NAME"><value>Звизжи</value></field><field name="UF_REGION"><value>27</value></field></item><item><field name="UF_NAME"><value>Синявино﻿</value></field><field name="UF_REGION"><value>7</value></field></item><item><field name="UF_NAME"><value>Верх-Бийск</value></field><field name="UF_REGION"><value>4</value></field></item><item><field name="UF_NAME"><value>Ретлё</value></field><field name="UF_REGION"><value>25</value></field></item><item><field name="UF_NAME"><value>Пилички</value></field><field name="UF_REGION"><value>22</value></field></item><item><field name="UF_NAME"><value>Черноголовка</value></field><field name="UF_REGION"><value>1</value></field></item><item><field name="UF_NAME"><value>Усьва</value></field><field name="UF_REGION"><value>20</value></field></item><item><field name="UF_NAME"><value>Севастополь</value></field><field name="UF_REGION"><value>2</value></field></item><item><field name="UF_NAME"><value>Балабаново</value></field><field name="UF_REGION"><value>27</value></field></item><item><field name="UF_NAME"><value>Афанасово</value></field><field name="UF_REGION"><value>1</value></field></item><item><field name="UF_NAME"><value>Красные Ткачи</value></field><field name="UF_REGION"><value>6</value></field></item><item><field name="UF_NAME"><value>Тучково</value></field><field name="UF_REGION"><value>1</value></field></item><item><field name="UF_NAME"><value>Горки</value></field><field name="UF_REGION"><value>3</value></field></item><item><field name="UF_NAME"><value>Лопотово</value></field><field name="UF_REGION"><value>1</value></field></item><item><field name="UF_NAME"><value>Дедиловские Выселки</value></field><field name="UF_REGION"><value>1</value></field></item><item><field name="UF_NAME"><value>Кортела</value></field><field name="UF_REGION"><value>28</value></field></item><item><field name="UF_NAME"><value>Бабкино</value></field><field name="UF_REGION"><value>1</value></field></item><item><field name="UF_NAME"><value>Ланьшинский</value></field><field name="UF_REGION"><value>15</value></field></item><item><field name="UF_NAME"><value>Токсово</value></field><field name="UF_REGION"><value>3</value></field></item><item><field name="UF_NAME"><value>Великий Новгород</value></field><field name="UF_REGION"><value>25</value></field></item><item><field name="UF_NAME"><value>Таруса</value></field><field name="UF_REGION"><value>27</value></field></item><item><field name="UF_NAME"><value>Солнечный Город</value></field><field name="UF_REGION"><value>1</value></field></item><item><field name="UF_NAME"><value>Каширское</value></field><field name="UF_REGION"><value>29</value></field></item><item><field name="UF_NAME"><value>Новая Адыгея</value></field><field name="UF_REGION"><value>30</value></field></item><item><field name="UF_NAME"><value>Мунозеро</value></field><field name="UF_REGION"><value>28</value></field></item><item><field name="UF_NAME"><value>Валдай</value></field><field name="UF_REGION"><value>25</value></field></item><item><field name="UF_NAME"><value>Каменномостский</value></field><field name="UF_REGION"><value>30</value></field></item><item><field name="UF_NAME"><value>Домбай</value></field><field name="UF_REGION"><value>31</value></field></item><item><field name="UF_NAME"><value>Майкопский район</value></field><field name="UF_REGION"><value>30</value></field></item><item><field name="UF_NAME"><value>Черкасово</value></field><field name="UF_REGION"><value>6</value></field></item><item><field name="UF_NAME"><value>Духанино</value></field><field name="UF_REGION"><value>1</value></field></item><item><field name="UF_NAME"><value>Зайцево</value></field><field name="UF_REGION"><value>1</value></field></item><item><field name="UF_NAME"><value>Шатура</value></field><field name="UF_REGION"><value>1</value></field></item><item><field name="UF_NAME"><value>Ыб</value></field><field name="UF_REGION"><value>33</value></field></item><item><field name="UF_NAME"><value>Таруса</value></field><field name="UF_REGION"><value>27</value></field></item><item><field name="UF_NAME"><value>Минеральные Воды</value></field><field name="UF_REGION"><value>34</value></field></item><item><field name="UF_NAME"><value>Чемал</value></field><field name="UF_REGION"><value>4</value></field></item><item><field name="UF_NAME"><value>Дербент</value></field><field name="UF_REGION"><value>10</value></field></item><item><field name="UF_NAME"><value>Нукутталахти</value></field><field name="UF_REGION"><value>28</value></field></item><item><field name="UF_NAME"><value>Красная Поляна</value></field><field name="UF_REGION"><value>5</value></field></item><item><field name="UF_NAME"><value>Волочаевка</value></field><field name="UF_REGION"><value>3</value></field></item><item><field name="UF_NAME"><value>Северский район</value></field><field name="UF_REGION"><value>5</value></field></item><item><field name="UF_NAME"><value>Геленджик</value></field><field name="UF_REGION"><value>5</value></field></item><item><field name="UF_NAME"><value>Чучемля</value></field><field name="UF_REGION"><value>25</value></field></item><item><field name="UF_NAME"><value>Смольчаково</value></field><field name="UF_REGION"><value>3</value></field></item><item><field name="UF_NAME"><value>Гузерипль</value></field><field name="UF_REGION"><value>30</value></field></item><item><field name="UF_NAME"><value>Витязево</value></field><field name="UF_REGION"><value>5</value></field></item><item><field name="UF_NAME"><value>Христофоровка</value></field><field name="UF_REGION"><value>35</value></field></item></items>