<?xml version="1.0" encoding="UTF-8"?><items hlblockUid="Regions" exchangeVersion="2"><item><field name="UF_NAME"><value>Московская область</value></field><field name="UF_COORDS"><value>55.7522200, 37.6155600</value></field><field name="UF_FAVORITE"><value>1</value></field><field name="UF_SORT"><value>100</value></field></item><item><field name="UF_NAME"><value>Республика Крым</value></field><field name="UF_COORDS"><value>44.795243,33.985669</value></field><field name="UF_FAVORITE"><value>1</value></field><field name="UF_SORT"><value>100</value></field></item><item><field name="UF_NAME"><value>Ленинградская область</value></field><field name="UF_COORDS"><value>59.781514, 29.640658</value></field><field name="UF_FAVORITE"><value>1</value></field><field name="UF_SORT"><value>100</value></field></item><item><field name="UF_NAME"><value>Алтайский край</value></field><field name="UF_COORDS"><value>50.299359,86.702222</value></field><field name="UF_FAVORITE"><value>1</value></field><field name="UF_SORT"><value>100</value></field></item><item><field name="UF_NAME"><value>Краснодарский край</value></field><field name="UF_COORDS"><value>43.545969,39.879353</value></field><field name="UF_FAVORITE"><value>1</value></field><field name="UF_SORT"><value>100</value></field></item><item><field name="UF_NAME"><value>Ярославская область</value></field><field name="UF_COORDS"><value>56.7241239,38.7900362</value></field><field name="UF_FAVORITE"/><field name="UF_SORT"><value>100</value></field></item><item><field name="UF_NAME"><value>Калининградская область</value></field><field name="UF_COORDS"><value>54.89782,20.927424</value></field><field name="UF_FAVORITE"/><field name="UF_SORT"><value>100</value></field></item><item><field name="UF_NAME"><value>Иркутская область</value></field><field name="UF_COORDS"><value>53.195434,107.334923</value></field><field name="UF_FAVORITE"/><field name="UF_SORT"><value>100</value></field></item><item><field name="UF_NAME"><value>Удмуртская Республика</value></field><field name="UF_COORDS"><value>56.788721,53.182471</value></field><field name="UF_FAVORITE"/><field name="UF_SORT"><value>100</value></field></item><item><field name="UF_NAME"><value>Дагестан</value></field><field name="UF_COORDS"><value>42.501803,46.885528</value></field><field name="UF_FAVORITE"/><field name="UF_SORT"><value>100</value></field></item><item><field name="UF_NAME"><value>Владимирская область</value></field><field name="UF_COORDS"><value>56.410448, 40.565676</value></field><field name="UF_FAVORITE"/><field name="UF_SORT"><value>100</value></field></item><item><field name="UF_NAME"><value>Нижегородская область</value></field><field name="UF_COORDS"><value>55.996016,43.293141</value></field><field name="UF_FAVORITE"/><field name="UF_SORT"><value>100</value></field></item><item><field name="UF_NAME"><value>Красноярский край</value></field><field name="UF_COORDS"><value>56.222801,92.653059</value></field><field name="UF_FAVORITE"/><field name="UF_SORT"><value>100</value></field></item><item><field name="UF_NAME"><value>Чеченская Республика</value></field><field name="UF_COORDS"><value>42.720483, 45.592771</value></field><field name="UF_FAVORITE"/><field name="UF_SORT"><value>100</value></field></item><item><field name="UF_NAME"><value>Тульская область</value></field><field name="UF_COORDS"><value>54.582664,37.167502</value></field><field name="UF_FAVORITE"/><field name="UF_SORT"><value>100</value></field></item><item><field name="UF_NAME"><value>Мурманская область</value></field><field name="UF_COORDS"><value>69.630439,31.954883</value></field><field name="UF_FAVORITE"/><field name="UF_SORT"><value>100</value></field></item><item><field name="UF_NAME"><value>Республика Ингушетия</value></field><field name="UF_COORDS"><value>42.812291,44.706607</value></field><field name="UF_FAVORITE"/><field name="UF_SORT"><value>100</value></field></item><item><field name="UF_NAME"><value>Свердловская область</value></field><field name="UF_COORDS"><value>56.4485817,60.7069841</value></field><field name="UF_FAVORITE"/><field name="UF_SORT"><value>100</value></field></item><item><field name="UF_NAME"><value>Тверская область</value></field><field name="UF_COORDS"><value>57.198687,37.686236</value></field><field name="UF_FAVORITE"/><field name="UF_SORT"><value>100</value></field></item><item><field name="UF_NAME"><value>Пермский край</value></field><field name="UF_COORDS"><value>58.305982,56.43784</value></field><field name="UF_FAVORITE"/><field name="UF_SORT"><value>100</value></field></item><item><field name="UF_NAME"><value>Республика Башкортостан</value></field><field name="UF_COORDS"><value>55.42816,55.448666</value></field><field name="UF_FAVORITE"/><field name="UF_SORT"><value>100</value></field></item><item><field name="UF_NAME"><value>Смоленская область</value></field><field name="UF_COORDS"><value>55.8830397,34.7349043</value></field><field name="UF_FAVORITE"/><field name="UF_SORT"><value>100</value></field></item><item><field name="UF_NAME"><value>Рязанская область</value></field><field name="UF_COORDS"><value>54.6269, 39.6916</value></field><field name="UF_FAVORITE"/><field name="UF_SORT"><value>100</value></field></item><item><field name="UF_NAME"><value>Кабардино-Балкарская Республика</value></field><field name="UF_COORDS"><value>43.2964971,43.1637766</value></field><field name="UF_FAVORITE"/><field name="UF_SORT"><value>100</value></field></item><item><field name="UF_NAME"><value>Новгородская область</value></field><field name="UF_COORDS"><value>58.5213, 31.271</value></field><field name="UF_FAVORITE"/><field name="UF_SORT"><value>100</value></field></item><item><field name="UF_NAME"><value>Камчатский край</value></field><field name="UF_COORDS"><value>52.960298,158.2612992</value></field><field name="UF_FAVORITE"/><field name="UF_SORT"><value>100</value></field></item><item><field name="UF_NAME"><value>Калужская область</value></field><field name="UF_COORDS"><value>55.210564, 35.669637</value></field><field name="UF_FAVORITE"/><field name="UF_SORT"><value>100</value></field></item><item><field name="UF_NAME"><value>Республика Карелия</value></field><field name="UF_COORDS"><value>61.5204337,30.1302897</value></field><field name="UF_FAVORITE"/><field name="UF_SORT"><value>100</value></field></item><item><field name="UF_NAME"><value>Воронежская область</value></field><field name="UF_COORDS"><value>51.411111,39.5914024</value></field><field name="UF_FAVORITE"/><field name="UF_SORT"><value>100</value></field></item><item><field name="UF_NAME"><value>Республика Адыгея</value></field><field name="UF_COORDS"><value>44.897504,38.943429</value></field><field name="UF_FAVORITE"/><field name="UF_SORT"><value>100</value></field></item><item><field name="UF_NAME"><value>Карачаево-Черкесская Республика</value></field><field name="UF_COORDS"><value>43.286271, 41.618794</value></field><field name="UF_FAVORITE"/><field name="UF_SORT"><value>100</value></field></item><item><field name="UF_NAME"><value>Республика Коми</value></field><field name="UF_COORDS"><value>61.2695383,50.5772915</value></field><field name="UF_FAVORITE"/><field name="UF_SORT"><value>100</value></field></item><item><field name="UF_NAME"><value>Ставропольский край</value></field><field name="UF_COORDS"><value>44.187185,42.876017</value></field><field name="UF_FAVORITE"/><field name="UF_SORT"><value>100</value></field></item><item><field name="UF_NAME"><value>Криворожский район</value></field><field name="UF_COORDS"><value>58.2166358,56.3019864</value></field><field name="UF_FAVORITE"/><field name="UF_SORT"><value>100</value></field></item><item><field name="UF_NAME"><value>Хакасия</value></field><field name="UF_COORDS"><value>53.721152, 91.442387</value></field><field name="UF_FAVORITE"/><field name="UF_SORT"><value>100</value></field></item><item><field name="UF_NAME"><value>Оренбургская область</value></field><field name="UF_COORDS"><value>51.768199, 55.096955</value></field><field name="UF_FAVORITE"/><field name="UF_SORT"><value>100</value></field></item><item><field name="UF_NAME"><value>Татарстан</value></field><field name="UF_COORDS"><value>55.796129, 49.106414</value></field><field name="UF_FAVORITE"/><field name="UF_SORT"><value>100</value></field></item><item><field name="UF_NAME"><value>Ростовская область</value></field><field name="UF_COORDS"><value>47.222078, 39.720349</value></field><field name="UF_FAVORITE"/><field name="UF_SORT"><value>100</value></field></item><item><field name="UF_NAME"><value>Тыва</value></field><field name="UF_COORDS"><value>51.719891, 94.437986</value></field><field name="UF_FAVORITE"/><field name="UF_SORT"><value>100</value></field></item><item><field name="UF_NAME"><value>Северная Осетия — Алания</value></field><field name="UF_COORDS"><value>43.024617, 44.681768</value></field><field name="UF_FAVORITE"/><field name="UF_SORT"><value>100</value></field></item><item><field name="UF_NAME"><value>Чувашия</value></field><field name="UF_COORDS"><value>56.139920, 47.247731</value></field><field name="UF_FAVORITE"/><field name="UF_SORT"><value>100</value></field></item><item><field name="UF_NAME"><value>Якутия</value></field><field name="UF_COORDS"><value>62.027220, 129.732181</value></field><field name="UF_FAVORITE"/><field name="UF_SORT"><value>100</value></field></item><item><field name="UF_NAME"><value>Сахалинская область</value></field><field name="UF_COORDS"><value>46.957770, 142.729587</value></field><field name="UF_FAVORITE"/><field name="UF_SORT"><value>100</value></field></item><item><field name="UF_NAME"><value>Белгородская область</value></field><field name="UF_COORDS"><value>50.595415, 36.587272</value></field><field name="UF_FAVORITE"/><field name="UF_SORT"><value>100</value></field></item><item><field name="UF_NAME"><value>Хабаровский край</value></field><field name="UF_COORDS"><value>48.480223, 135.071917</value></field><field name="UF_FAVORITE"/><field name="UF_SORT"><value>100</value></field></item><item><field name="UF_NAME"><value>Чукотский АО</value></field><field name="UF_COORDS"><value>64.735815, 177.518911</value></field><field name="UF_FAVORITE"/><field name="UF_SORT"><value>100</value></field></item><item><field name="UF_NAME"><value>Кемеровская область</value></field><field name="UF_COORDS"><value>55.355200, 86.086848</value></field><field name="UF_FAVORITE"/><field name="UF_SORT"><value>100</value></field></item><item><field name="UF_NAME"><value>Мордовия</value></field><field name="UF_COORDS"><value>54.187433, 45.183939</value></field><field name="UF_FAVORITE"/><field name="UF_SORT"><value>100</value></field></item><item><field name="UF_NAME"><value>Саратовская область</value></field><field name="UF_COORDS"><value>51.533561, 46.034265</value></field><field name="UF_FAVORITE"/><field name="UF_SORT"><value>100</value></field></item><item><field name="UF_NAME"><value>Приморский край</value></field><field name="UF_COORDS"><value>43.115536, 131.885485</value></field><field name="UF_FAVORITE"/><field name="UF_SORT"><value>100</value></field></item><item><field name="UF_NAME"><value>Архангельская область</value></field><field name="UF_COORDS"><value>64.539912, 40.515762</value></field><field name="UF_FAVORITE"/><field name="UF_SORT"><value>100</value></field></item><item><field name="UF_NAME"><value>Томская область</value></field><field name="UF_COORDS"><value>56.484640, 84.947649</value></field><field name="UF_FAVORITE"/><field name="UF_SORT"><value>100</value></field></item><item><field name="UF_NAME"><value>Астраханская область</value></field><field name="UF_COORDS"><value>46.347616, 48.030175</value></field><field name="UF_FAVORITE"/><field name="UF_SORT"><value>100</value></field></item><item><field name="UF_NAME"><value>Челябинская область</value></field><field name="UF_COORDS"><value>55.159897, 61.402554</value></field><field name="UF_FAVORITE"/><field name="UF_SORT"><value>100</value></field></item><item><field name="UF_NAME"><value>Вологодская область</value></field><field name="UF_COORDS"><value>59.220496, 39.891523</value></field><field name="UF_FAVORITE"/><field name="UF_SORT"><value>100</value></field></item><item><field name="UF_NAME"><value>Бурятия</value></field><field name="UF_COORDS"><value>51.834811, 107.584545</value></field><field name="UF_FAVORITE"/><field name="UF_SORT"><value>100</value></field></item><item><field name="UF_NAME"><value>Забайкальский край</value></field><field name="UF_COORDS"><value>52.033638, 113.501052</value></field><field name="UF_FAVORITE"/><field name="UF_SORT"><value>100</value></field></item><item><field name="UF_NAME"><value>Новосибирская область</value></field><field name="UF_COORDS"><value>55.030199, 82.920430</value></field><field name="UF_FAVORITE"/><field name="UF_SORT"><value>100</value></field></item><item><field name="UF_NAME"><value>Ульяновская область</value></field><field name="UF_COORDS"><value>54.314194, 48.403131</value></field><field name="UF_FAVORITE"/><field name="UF_SORT"><value>100</value></field></item><item><field name="UF_NAME"><value>Кировская область</value></field><field name="UF_COORDS"><value>58.603595, 49.668019</value></field><field name="UF_FAVORITE"/><field name="UF_SORT"><value>100</value></field></item><item><field name="UF_NAME"><value>Пензенская область</value></field><field name="UF_COORDS"><value>53.195042, 45.018318</value></field><field name="UF_FAVORITE"/><field name="UF_SORT"><value>100</value></field></item><item><field name="UF_NAME"><value>Амурская область</value></field><field name="UF_COORDS"><value>50.290658, 127.527173</value></field><field name="UF_FAVORITE"/><field name="UF_SORT"><value>100</value></field></item><item><field name="UF_NAME"><value>Ханты-Мансийский АО — Югра</value></field><field name="UF_COORDS"><value>61.003180, 69.018902</value></field><field name="UF_FAVORITE"/><field name="UF_SORT"><value>100</value></field></item><item><field name="UF_NAME"><value>Еврейская АО</value></field><field name="UF_COORDS"><value>48.789917, 132.924750</value></field><field name="UF_FAVORITE"/><field name="UF_SORT"><value>100</value></field></item><item><field name="UF_NAME"><value>Орловская область</value></field><field name="UF_COORDS"><value>52.970758, 36.064355</value></field><field name="UF_FAVORITE"/><field name="UF_SORT"><value>100</value></field></item><item><field name="UF_NAME"><value>Брянская область</value></field><field name="UF_COORDS"><value>53.243561, 34.363428</value></field><field name="UF_FAVORITE"/><field name="UF_SORT"><value>100</value></field></item><item><field name="UF_NAME"><value>Костромская область</value></field><field name="UF_COORDS"><value>57.767961, 40.926858</value></field><field name="UF_FAVORITE"/><field name="UF_SORT"><value>100</value></field></item><item><field name="UF_NAME"><value>Псковская область</value></field><field name="UF_COORDS"><value>57.819276, 28.332458</value></field><field name="UF_FAVORITE"/><field name="UF_SORT"><value>100</value></field></item><item><field name="UF_NAME"><value>Ивановская область</value></field><field name="UF_COORDS"><value>57.000348, 40.973921</value></field><field name="UF_FAVORITE"/><field name="UF_SORT"><value>100</value></field></item><item><field name="UF_NAME"><value>Волгоградская область</value></field><field name="UF_COORDS"><value>48.707068, 44.516979</value></field><field name="UF_FAVORITE"/><field name="UF_SORT"><value>100</value></field></item><item><field name="UF_NAME"><value>Марий Эл</value></field><field name="UF_COORDS"><value>56.631600, 47.886180</value></field><field name="UF_FAVORITE"/><field name="UF_SORT"><value>100</value></field></item><item><field name="UF_NAME"><value>Калмыкия</value></field><field name="UF_COORDS"><value>46.307743, 44.269759</value></field><field name="UF_FAVORITE"/><field name="UF_SORT"><value>100</value></field></item><item><field name="UF_NAME"><value>Липецкая область</value></field><field name="UF_COORDS"><value>52.608820, 39.599220</value></field><field name="UF_FAVORITE"/><field name="UF_SORT"><value>100</value></field></item><item><field name="UF_NAME"><value>Ямало-Ненецкий АО</value></field><field name="UF_COORDS"><value>66.529865, 66.614507</value></field><field name="UF_FAVORITE"/><field name="UF_SORT"><value>100</value></field></item><item><field name="UF_NAME"><value>Курганская область</value></field><field name="UF_COORDS"><value>55.441005, 65.341122</value></field><field name="UF_FAVORITE"/><field name="UF_SORT"><value>100</value></field></item><item><field name="UF_NAME"><value>Курская область</value></field><field name="UF_COORDS"><value>51.730848, 36.193015</value></field><field name="UF_FAVORITE"/><field name="UF_SORT"><value>100</value></field></item><item><field name="UF_NAME"><value>Тамбовская область</value></field><field name="UF_COORDS"><value>52.721293, 41.452749</value></field><field name="UF_FAVORITE"/><field name="UF_SORT"><value>100</value></field></item><item><field name="UF_NAME"><value>Самарская область</value></field><field name="UF_COORDS"><value>53.195876, 50.100199</value></field><field name="UF_FAVORITE"/><field name="UF_SORT"><value>100</value></field></item><item><field name="UF_NAME"><value>Тюменская область</value></field><field name="UF_COORDS"><value>57.152986, 65.541231</value></field><field name="UF_FAVORITE"/><field name="UF_SORT"><value>100</value></field></item><item><field name="UF_NAME"><value>Магаданская область</value></field><field name="UF_COORDS"><value>59.565153, 150.808590</value></field><field name="UF_FAVORITE"/><field name="UF_SORT"><value>100</value></field></item><item><field name="UF_NAME"><value>Санкт-Петербург</value></field><field name="UF_COORDS"><value>59.938784, 30.314997</value></field><field name="UF_FAVORITE"/><field name="UF_SORT"><value>100</value></field></item><item><field name="UF_NAME"><value>Севастополь</value></field><field name="UF_COORDS"><value>44.556972, 33.526402</value></field><field name="UF_FAVORITE"/><field name="UF_SORT"><value>100</value></field></item></items>