<?xml version="1.0" encoding="UTF-8"?><items hlblockUid="Regions" exchangeVersion="2"><item><field name="UF_NAME"><value>Московская область</value></field><field name="UF_COORDS"><value>55.7522200, 37.6155600</value></field><field name="UF_SORT"><value>100</value></field></item><item><field name="UF_NAME"><value>Республика Крым</value></field><field name="UF_COORDS"><value>44.795243,33.985669</value></field><field name="UF_SORT"><value>100</value></field></item><item><field name="UF_NAME"><value>Ленинградская область</value></field><field name="UF_COORDS"><value>59.781514, 29.640658</value></field><field name="UF_SORT"><value>100</value></field></item><item><field name="UF_NAME"><value>Алтайский край</value></field><field name="UF_COORDS"><value>50.299359,86.702222</value></field><field name="UF_SORT"><value>100</value></field></item><item><field name="UF_NAME"><value>Краснодарский край</value></field><field name="UF_COORDS"><value>43.545969,39.879353</value></field><field name="UF_SORT"><value>100</value></field></item><item><field name="UF_NAME"><value>Ярославская область</value></field><field name="UF_COORDS"><value>56.7241239,38.7900362</value></field><field name="UF_SORT"><value>100</value></field></item><item><field name="UF_NAME"><value>Калининградская область</value></field><field name="UF_COORDS"><value>54.89782,20.927424</value></field><field name="UF_SORT"><value>100</value></field></item><item><field name="UF_NAME"><value>Иркутская область</value></field><field name="UF_COORDS"><value>53.195434,107.334923</value></field><field name="UF_SORT"><value>100</value></field></item><item><field name="UF_NAME"><value>Удмуртская Республика</value></field><field name="UF_COORDS"><value>56.788721,53.182471</value></field><field name="UF_SORT"><value>100</value></field></item><item><field name="UF_NAME"><value>Дагестан</value></field><field name="UF_COORDS"><value>42.501803,46.885528</value></field><field name="UF_SORT"><value>100</value></field></item><item><field name="UF_NAME"><value>Владимирская область</value></field><field name="UF_COORDS"><value>56.410448, 40.565676</value></field><field name="UF_SORT"><value>100</value></field></item><item><field name="UF_NAME"><value>Нижегородская область</value></field><field name="UF_COORDS"><value>55.996016,43.293141</value></field><field name="UF_SORT"><value>100</value></field></item><item><field name="UF_NAME"><value>Красноярский край</value></field><field name="UF_COORDS"><value>56.222801,92.653059</value></field><field name="UF_SORT"><value>100</value></field></item><item><field name="UF_NAME"><value>Чеченская Республика</value></field><field name="UF_COORDS"><value>42.720483, 45.592771</value></field><field name="UF_SORT"><value>100</value></field></item><item><field name="UF_NAME"><value>Тульская область</value></field><field name="UF_COORDS"><value>54.582664,37.167502</value></field><field name="UF_SORT"><value>100</value></field></item><item><field name="UF_NAME"><value>Мурманская область</value></field><field name="UF_COORDS"><value>69.630439,31.954883</value></field><field name="UF_SORT"><value>100</value></field></item><item><field name="UF_NAME"><value>Республика Ингушетия</value></field><field name="UF_COORDS"><value>42.812291,44.706607</value></field><field name="UF_SORT"/></item><item><field name="UF_NAME"><value>Свердловская область</value></field><field name="UF_COORDS"><value>56.4485817,60.7069841</value></field><field name="UF_SORT"><value>100</value></field></item><item><field name="UF_NAME"><value>Тверская область</value></field><field name="UF_COORDS"><value>57.198687,37.686236</value></field><field name="UF_SORT"/></item><item><field name="UF_NAME"><value>Пермский край</value></field><field name="UF_COORDS"><value>58.305982,56.43784</value></field><field name="UF_SORT"/></item><item><field name="UF_NAME"><value>Республика Башкортостан</value></field><field name="UF_COORDS"><value>55.42816,55.448666</value></field><field name="UF_SORT"/></item><item><field name="UF_NAME"><value>Смоленская область</value></field><field name="UF_COORDS"><value>55.8830397,34.7349043</value></field><field name="UF_SORT"><value>100</value></field></item><item><field name="UF_NAME"><value>Рязанская область</value></field><field name="UF_COORDS"><value>54.6269, 39.6916</value></field><field name="UF_SORT"/></item><item><field name="UF_NAME"><value>Кабардино-Балкарская Республика</value></field><field name="UF_COORDS"><value>43.2964971,43.1637766</value></field><field name="UF_SORT"/></item><item><field name="UF_NAME"><value>Новгородская область</value></field><field name="UF_COORDS"><value>58.5213, 31.271</value></field><field name="UF_SORT"/></item><item><field name="UF_NAME"><value>Камчатский край</value></field><field name="UF_COORDS"><value>52.960298,158.2612992</value></field><field name="UF_SORT"><value>100</value></field></item><item><field name="UF_NAME"><value>Калужская область</value></field><field name="UF_COORDS"><value>55.210564, 35.669637</value></field><field name="UF_SORT"/></item><item><field name="UF_NAME"><value>Республика Карелия</value></field><field name="UF_COORDS"><value>61.5204337,30.1302897</value></field><field name="UF_SORT"/></item><item><field name="UF_NAME"><value>Воронежская область</value></field><field name="UF_COORDS"><value>51.411111,39.5914024</value></field><field name="UF_SORT"/></item><item><field name="UF_NAME"><value>Республика Адыгея</value></field><field name="UF_COORDS"><value>44.897504,38.943429</value></field><field name="UF_SORT"/></item><item><field name="UF_NAME"><value>Карачаево-Черкесская Республика</value></field><field name="UF_COORDS"><value>43.286271, 41.618794</value></field><field name="UF_SORT"/></item><item><field name="UF_NAME"><value>Республика Коми</value></field><field name="UF_COORDS"><value>61.2695383,50.5772915</value></field><field name="UF_SORT"/></item><item><field name="UF_NAME"><value>Ставропольский край</value></field><field name="UF_COORDS"><value>44.187185,42.876017</value></field><field name="UF_SORT"/></item><item><field name="UF_NAME"><value>Криворожский район</value></field><field name="UF_COORDS"><value>58.2166358,56.3019864</value></field><field name="UF_SORT"/></item></items>