<?xml version="1.0" encoding="UTF-8"?><items hlblockUid="Regions" exchangeVersion="2"><item><field name="UF_NAME"><value>Московская область</value></field><field name="UF_COORDS"><value>55.7522200, 37.6155600</value></field><field name="UF_FAVORITE"><value>1</value></field><field name="UF_CENTER"><value>1</value></field><field name="UF_SORT"><value>100</value></field></item><item><field name="UF_NAME"><value>Республика Крым</value></field><field name="UF_COORDS"><value>44.948237, 34.100318</value></field><field name="UF_FAVORITE"><value>1</value></field><field name="UF_CENTER"><value>3</value></field><field name="UF_SORT"><value>100</value></field></item><item><field name="UF_NAME"><value>Ленинградская область</value></field><field name="UF_COORDS"><value>59.938951, 30.315635</value></field><field name="UF_FAVORITE"><value>1</value></field><field name="UF_CENTER"><value>88</value></field><field name="UF_SORT"><value>100</value></field></item><item><field name="UF_NAME"><value>Алтайский край</value></field><field name="UF_COORDS"><value>53.346785, 83.776860</value></field><field name="UF_FAVORITE"><value>1</value></field><field name="UF_CENTER"><value>212</value></field><field name="UF_SORT"><value>100</value></field></item><item><field name="UF_NAME"><value>Краснодарский край</value></field><field name="UF_COORDS"><value>45.035470, 38.975313</value></field><field name="UF_FAVORITE"><value>1</value></field><field name="UF_CENTER"><value>578</value></field><field name="UF_SORT"><value>100</value></field></item><item><field name="UF_NAME"><value>Ярославская область</value></field><field name="UF_COORDS"><value>57.626560, 39.893813</value></field><field name="UF_FAVORITE"/><field name="UF_CENTER"><value>93</value></field><field name="UF_SORT"><value>100</value></field></item><item><field name="UF_NAME"><value>Калининградская область</value></field><field name="UF_COORDS"><value>54.710161, 20.510138</value></field><field name="UF_FAVORITE"/><field name="UF_CENTER"><value>474</value></field><field name="UF_SORT"><value>100</value></field></item><item><field name="UF_NAME"><value>Иркутская область</value></field><field name="UF_COORDS"><value>52.289590, 104.280608</value></field><field name="UF_FAVORITE"/><field name="UF_CENTER"><value>462</value></field><field name="UF_SORT"><value>100</value></field></item><item><field name="UF_NAME"><value>Удмуртская Республика</value></field><field name="UF_COORDS"><value>56.852677, 53.206896</value></field><field name="UF_FAVORITE"/><field name="UF_CENTER"><value>27</value></field><field name="UF_SORT"><value>100</value></field></item><item><field name="UF_NAME"><value>Дагестан</value></field><field name="UF_COORDS"><value>42.983103, 47.504748</value></field><field name="UF_FAVORITE"/><field name="UF_CENTER"><value>676</value></field><field name="UF_SORT"><value>100</value></field></item><item><field name="UF_NAME"><value>Владимирская область</value></field><field name="UF_COORDS"><value>56.129057, 40.406635</value></field><field name="UF_FAVORITE"/><field name="UF_CENTER"><value>299</value></field><field name="UF_SORT"><value>100</value></field></item><item><field name="UF_NAME"><value>Нижегородская область</value></field><field name="UF_COORDS"><value>56.326799, 44.006520</value></field><field name="UF_FAVORITE"/><field name="UF_CENTER"><value>748</value></field><field name="UF_SORT"><value>100</value></field></item><item><field name="UF_NAME"><value>Красноярский край</value></field><field name="UF_COORDS"><value>56.010563, 92.852572</value></field><field name="UF_FAVORITE"/><field name="UF_CENTER"><value>37</value></field><field name="UF_SORT"><value>100</value></field></item><item><field name="UF_NAME"><value>Чеченская Республика</value></field><field name="UF_COORDS"><value>43.318368, 45.692419</value></field><field name="UF_FAVORITE"/><field name="UF_CENTER"><value>350</value></field><field name="UF_SORT"><value>100</value></field></item><item><field name="UF_NAME"><value>Тульская область</value></field><field name="UF_COORDS"><value>54.193122, 37.617348</value></field><field name="UF_FAVORITE"/><field name="UF_CENTER"><value>50</value></field><field name="UF_SORT"><value>100</value></field></item><item><field name="UF_NAME"><value>Мурманская область</value></field><field name="UF_COORDS"><value>68.970663, 33.074914</value></field><field name="UF_FAVORITE"/><field name="UF_CENTER"><value>42</value></field><field name="UF_SORT"><value>100</value></field></item><item><field name="UF_NAME"><value>Республика Ингушетия</value></field><field name="UF_COORDS"><value>43.166786, 44.803574</value></field><field name="UF_FAVORITE"/><field name="UF_CENTER"><value>659</value></field><field name="UF_SORT"><value>100</value></field></item><item><field name="UF_NAME"><value>Свердловская область</value></field><field name="UF_COORDS"><value>56.838011, 60.597465</value></field><field name="UF_FAVORITE"/><field name="UF_CENTER"><value>399</value></field><field name="UF_SORT"><value>100</value></field></item><item><field name="UF_NAME"><value>Тверская область</value></field><field name="UF_COORDS"><value>56.859626, 35.911856</value></field><field name="UF_FAVORITE"/><field name="UF_CENTER"><value>52</value></field><field name="UF_SORT"><value>100</value></field></item><item><field name="UF_NAME"><value>Пермский край</value></field><field name="UF_COORDS"><value>58.010454, 56.229441</value></field><field name="UF_FAVORITE"/><field name="UF_CENTER"><value>54</value></field><field name="UF_SORT"><value>100</value></field></item><item><field name="UF_NAME"><value>Республика Башкортостан</value></field><field name="UF_COORDS"><value>54.735147, 55.958727</value></field><field name="UF_FAVORITE"/><field name="UF_CENTER"><value>1167</value></field><field name="UF_SORT"><value>100</value></field></item><item><field name="UF_NAME"><value>Смоленская область</value></field><field name="UF_COORDS"><value>54.782634, 32.045288</value></field><field name="UF_FAVORITE"/><field name="UF_CENTER"><value>952</value></field><field name="UF_SORT"><value>100</value></field></item><item><field name="UF_NAME"><value>Рязанская область</value></field><field name="UF_COORDS"><value>54.629565, 39.741914</value></field><field name="UF_FAVORITE"/><field name="UF_CENTER"><value>70</value></field><field name="UF_SORT"><value>100</value></field></item><item><field name="UF_NAME"><value>Кабардино-Балкарская Республика</value></field><field name="UF_COORDS"><value>43.485259, 43.607072</value></field><field name="UF_FAVORITE"/><field name="UF_CENTER"><value>722</value></field><field name="UF_SORT"><value>100</value></field></item><item><field name="UF_NAME"><value>Новгородская область</value></field><field name="UF_COORDS"><value>58.522856, 31.269813</value></field><field name="UF_FAVORITE"/><field name="UF_CENTER"><value>113</value></field><field name="UF_SORT"><value>100</value></field></item><item><field name="UF_NAME"><value>Камчатский край</value></field><field name="UF_COORDS"><value>53.024263, 158.643504</value></field><field name="UF_FAVORITE"/><field name="UF_CENTER"><value>839</value></field><field name="UF_SORT"><value>100</value></field></item><item><field name="UF_NAME"><value>Калужская область</value></field><field name="UF_COORDS"><value>54.513845, 36.261215</value></field><field name="UF_FAVORITE"/><field name="UF_CENTER"><value>477</value></field><field name="UF_SORT"><value>100</value></field></item><item><field name="UF_NAME"><value>Республика Карелия</value></field><field name="UF_COORDS"><value>61.785020, 34.346881</value></field><field name="UF_FAVORITE"/><field name="UF_CENTER"><value>838</value></field><field name="UF_SORT"><value>100</value></field></item><item><field name="UF_NAME"><value>Воронежская область</value></field><field name="UF_COORDS"><value>51.660779, 39.200292</value></field><field name="UF_FAVORITE"/><field name="UF_CENTER"><value>313</value></field><field name="UF_SORT"><value>100</value></field></item><item><field name="UF_NAME"><value>Республика Адыгея</value></field><field name="UF_COORDS"><value>44.606680, 40.105853</value></field><field name="UF_FAVORITE"/><field name="UF_CENTER"><value>122</value></field><field name="UF_SORT"><value>100</value></field></item><item><field name="UF_NAME"><value>Карачаево-Черкесская Республика</value></field><field name="UF_COORDS"><value>44.228376, 42.048277</value></field><field name="UF_FAVORITE"/><field name="UF_CENTER"><value>1107</value></field><field name="UF_SORT"><value>100</value></field></item><item><field name="UF_NAME"><value>Республика Коми</value></field><field name="UF_COORDS"><value>61.668796, 50.836500</value></field><field name="UF_FAVORITE"/><field name="UF_CENTER"><value>1007</value></field><field name="UF_SORT"><value>100</value></field></item><item><field name="UF_NAME"><value>Ставропольский край</value></field><field name="UF_COORDS"><value>45.043315, 41.969111</value></field><field name="UF_FAVORITE"/><field name="UF_CENTER"><value>980</value></field><field name="UF_SORT"><value>100</value></field></item><item><field name="UF_NAME"><value>Криворожский район</value></field><field name="UF_COORDS"><value>47.796285, 33.588547</value></field><field name="UF_FAVORITE"/><field name="UF_CENTER"><value>1168</value></field><field name="UF_SORT"><value>100</value></field></item><item><field name="UF_NAME"><value>Республика Хакасия</value></field><field name="UF_COORDS"><value>53.721152, 91.442387</value></field><field name="UF_FAVORITE"/><field name="UF_CENTER"><value>143</value></field><field name="UF_SORT"><value>100</value></field></item><item><field name="UF_NAME"><value>Оренбургская область</value></field><field name="UF_COORDS"><value>51.768199, 55.096955</value></field><field name="UF_FAVORITE"/><field name="UF_CENTER"><value>812</value></field><field name="UF_SORT"><value>100</value></field></item><item><field name="UF_NAME"><value>Республика Татарстан</value></field><field name="UF_COORDS"><value>55.796129, 49.106414</value></field><field name="UF_FAVORITE"/><field name="UF_CENTER"><value>470</value></field><field name="UF_SORT"><value>100</value></field></item><item><field name="UF_NAME"><value>Ростовская область</value></field><field name="UF_COORDS"><value>47.222078, 39.720349</value></field><field name="UF_FAVORITE"/><field name="UF_CENTER"><value>892</value></field><field name="UF_SORT"><value>100</value></field></item><item><field name="UF_NAME"><value>Республика Тыва</value></field><field name="UF_COORDS"><value>51.719891, 94.437986</value></field><field name="UF_FAVORITE"/><field name="UF_CENTER"><value>618</value></field><field name="UF_SORT"><value>100</value></field></item><item><field name="UF_NAME"><value>Республика Северная Осетия — Алания</value></field><field name="UF_COORDS"><value>43.024617, 44.681768</value></field><field name="UF_FAVORITE"/><field name="UF_CENTER"><value>298</value></field><field name="UF_SORT"><value>100</value></field></item><item><field name="UF_NAME"><value>Чувашская Республика</value></field><field name="UF_COORDS"><value>56.139920, 47.247731</value></field><field name="UF_FAVORITE"/><field name="UF_CENTER"><value>1100</value></field><field name="UF_SORT"><value>100</value></field></item><item><field name="UF_NAME"><value>Республика Саха (Якутия)</value></field><field name="UF_COORDS"><value>62.027220, 129.732181</value></field><field name="UF_FAVORITE"/><field name="UF_CENTER"><value>1158</value></field><field name="UF_SORT"><value>100</value></field></item><item><field name="UF_NAME"><value>Сахалинская область</value></field><field name="UF_COORDS"><value>46.957770, 142.729587</value></field><field name="UF_FAVORITE"/><field name="UF_CENTER"><value>1149</value></field><field name="UF_SORT"><value>100</value></field></item><item><field name="UF_NAME"><value>Белгородская область</value></field><field name="UF_COORDS"><value>50.595415, 36.587272</value></field><field name="UF_FAVORITE"/><field name="UF_CENTER"><value>218</value></field><field name="UF_SORT"><value>100</value></field></item><item><field name="UF_NAME"><value>Хабаровский край</value></field><field name="UF_COORDS"><value>48.480223, 135.071917</value></field><field name="UF_FAVORITE"/><field name="UF_CENTER"><value>1081</value></field><field name="UF_SORT"><value>100</value></field></item><item><field name="UF_NAME"><value>Чукотский АО</value></field><field name="UF_COORDS"><value>64.735815, 177.518911</value></field><field name="UF_FAVORITE"/><field name="UF_CENTER"><value>168</value></field><field name="UF_SORT"><value>100</value></field></item><item><field name="UF_NAME"><value>Кемеровская область</value></field><field name="UF_COORDS"><value>55.355200, 86.086848</value></field><field name="UF_FAVORITE"/><field name="UF_CENTER"><value>511</value></field><field name="UF_SORT"><value>100</value></field></item><item><field name="UF_NAME"><value>Республика Мордовия</value></field><field name="UF_COORDS"><value>54.187433, 45.183939</value></field><field name="UF_FAVORITE"/><field name="UF_CENTER"><value>907</value></field><field name="UF_SORT"><value>100</value></field></item><item><field name="UF_NAME"><value>Саратовская область</value></field><field name="UF_COORDS"><value>51.533561, 46.034265</value></field><field name="UF_FAVORITE"/><field name="UF_CENTER"><value>909</value></field><field name="UF_SORT"><value>100</value></field></item><item><field name="UF_NAME"><value>Приморский край</value></field><field name="UF_COORDS"><value>43.115536, 131.885485</value></field><field name="UF_FAVORITE"/><field name="UF_CENTER"><value>297</value></field><field name="UF_SORT"><value>100</value></field></item><item><field name="UF_NAME"><value>Архангельская область</value></field><field name="UF_COORDS"><value>64.539912, 40.515762</value></field><field name="UF_FAVORITE"/><field name="UF_CENTER"><value>189</value></field><field name="UF_SORT"><value>100</value></field></item><item><field name="UF_NAME"><value>Томская область</value></field><field name="UF_COORDS"><value>56.484640, 84.947649</value></field><field name="UF_FAVORITE"/><field name="UF_CENTER"><value>1034</value></field><field name="UF_SORT"><value>100</value></field></item><item><field name="UF_NAME"><value>Астраханская область</value></field><field name="UF_COORDS"><value>46.347616, 48.030175</value></field><field name="UF_FAVORITE"/><field name="UF_CENTER"><value>192</value></field><field name="UF_SORT"><value>100</value></field></item><item><field name="UF_NAME"><value>Челябинская область</value></field><field name="UF_COORDS"><value>55.159897, 61.402554</value></field><field name="UF_FAVORITE"/><field name="UF_CENTER"><value>1102</value></field><field name="UF_SORT"><value>100</value></field></item><item><field name="UF_NAME"><value>Вологодская область</value></field><field name="UF_COORDS"><value>59.220496, 39.891523</value></field><field name="UF_FAVORITE"/><field name="UF_CENTER"><value>305</value></field><field name="UF_SORT"><value>100</value></field></item><item><field name="UF_NAME"><value>Республика Бурятия</value></field><field name="UF_COORDS"><value>51.834811, 107.584545</value></field><field name="UF_FAVORITE"/><field name="UF_CENTER"><value>1058</value></field><field name="UF_SORT"><value>100</value></field></item><item><field name="UF_NAME"><value>Забайкальский край</value></field><field name="UF_COORDS"><value>52.033638, 113.501052</value></field><field name="UF_FAVORITE"/><field name="UF_CENTER"><value>1113</value></field><field name="UF_SORT"><value>100</value></field></item><item><field name="UF_NAME"><value>Новосибирская область</value></field><field name="UF_COORDS"><value>55.030199, 82.920430</value></field><field name="UF_FAVORITE"/><field name="UF_CENTER"><value>772</value></field><field name="UF_SORT"><value>100</value></field></item><item><field name="UF_NAME"><value>Ульяновская область</value></field><field name="UF_COORDS"><value>54.314194, 48.403131</value></field><field name="UF_FAVORITE"/><field name="UF_CENTER"><value>1169</value></field><field name="UF_SORT"><value>100</value></field></item><item><field name="UF_NAME"><value>Кировская область</value></field><field name="UF_COORDS"><value>58.603595, 49.668019</value></field><field name="UF_FAVORITE"/><field name="UF_CENTER"><value>527</value></field><field name="UF_SORT"><value>100</value></field></item><item><field name="UF_NAME"><value>Пензенская область</value></field><field name="UF_COORDS"><value>53.195042, 45.018318</value></field><field name="UF_FAVORITE"/><field name="UF_CENTER"><value>829</value></field><field name="UF_SORT"><value>100</value></field></item><item><field name="UF_NAME"><value>Амурская область</value></field><field name="UF_COORDS"><value>50.290658, 127.527173</value></field><field name="UF_FAVORITE"/><field name="UF_CENTER"><value>242</value></field><field name="UF_SORT"><value>100</value></field></item><item><field name="UF_NAME"><value>Ханты-Мансийский АО — Югра</value></field><field name="UF_COORDS"><value>61.003180, 69.018902</value></field><field name="UF_FAVORITE"/><field name="UF_CENTER"><value>1083</value></field><field name="UF_SORT"><value>100</value></field></item><item><field name="UF_NAME"><value>Еврейская АО</value></field><field name="UF_COORDS"><value>48.789917, 132.924750</value></field><field name="UF_FAVORITE"/><field name="UF_CENTER"><value>239</value></field><field name="UF_SORT"><value>100</value></field></item><item><field name="UF_NAME"><value>Орловская область</value></field><field name="UF_COORDS"><value>52.970758, 36.064355</value></field><field name="UF_FAVORITE"/><field name="UF_CENTER"><value>811</value></field><field name="UF_SORT"><value>100</value></field></item><item><field name="UF_NAME"><value>Брянская область</value></field><field name="UF_COORDS"><value>53.243561, 34.363428</value></field><field name="UF_FAVORITE"/><field name="UF_CENTER"><value>265</value></field><field name="UF_SORT"><value>100</value></field></item><item><field name="UF_NAME"><value>Костромская область</value></field><field name="UF_COORDS"><value>57.767961, 40.926858</value></field><field name="UF_FAVORITE"/><field name="UF_CENTER"><value>566</value></field><field name="UF_SORT"><value>100</value></field></item><item><field name="UF_NAME"><value>Псковская область</value></field><field name="UF_COORDS"><value>57.819276, 28.332458</value></field><field name="UF_FAVORITE"/><field name="UF_CENTER"><value>874</value></field><field name="UF_SORT"><value>100</value></field></item><item><field name="UF_NAME"><value>Ивановская область</value></field><field name="UF_COORDS"><value>57.000348, 40.973921</value></field><field name="UF_FAVORITE"/><field name="UF_CENTER"><value>449</value></field><field name="UF_SORT"><value>100</value></field></item><item><field name="UF_NAME"><value>Волгоградская область</value></field><field name="UF_COORDS"><value>48.707068, 44.516979</value></field><field name="UF_FAVORITE"/><field name="UF_CENTER"><value>300</value></field><field name="UF_SORT"><value>100</value></field></item><item><field name="UF_NAME"><value>Республика Марий Эл</value></field><field name="UF_COORDS"><value>56.631600, 47.886180</value></field><field name="UF_FAVORITE"/><field name="UF_CENTER"><value>468</value></field><field name="UF_SORT"><value>100</value></field></item><item><field name="UF_NAME"><value>Республика Калмыкия</value></field><field name="UF_COORDS"><value>46.307743, 44.269759</value></field><field name="UF_FAVORITE"/><field name="UF_CENTER"><value>1144</value></field><field name="UF_SORT"><value>100</value></field></item><item><field name="UF_NAME"><value>Липецкая область</value></field><field name="UF_COORDS"><value>52.608820, 39.599220</value></field><field name="UF_FAVORITE"/><field name="UF_CENTER"><value>639</value></field><field name="UF_SORT"><value>100</value></field></item><item><field name="UF_NAME"><value>Ямало-Ненецкий АО</value></field><field name="UF_COORDS"><value>66.529865, 66.614507</value></field><field name="UF_FAVORITE"/><field name="UF_CENTER"><value>905</value></field><field name="UF_SORT"><value>100</value></field></item><item><field name="UF_NAME"><value>Курганская область</value></field><field name="UF_COORDS"><value>55.441005, 65.341122</value></field><field name="UF_FAVORITE"/><field name="UF_CENTER"><value>607</value></field><field name="UF_SORT"><value>100</value></field></item><item><field name="UF_NAME"><value>Курская область</value></field><field name="UF_COORDS"><value>51.730848, 36.193015</value></field><field name="UF_FAVORITE"/><field name="UF_CENTER"><value>612</value></field><field name="UF_SORT"><value>100</value></field></item><item><field name="UF_NAME"><value>Тамбовская область</value></field><field name="UF_COORDS"><value>52.721293, 41.452749</value></field><field name="UF_FAVORITE"/><field name="UF_CENTER"><value>1016</value></field><field name="UF_SORT"><value>100</value></field></item><item><field name="UF_NAME"><value>Самарская область</value></field><field name="UF_COORDS"><value>53.195876, 50.100199</value></field><field name="UF_FAVORITE"/><field name="UF_CENTER"><value>906</value></field><field name="UF_SORT"><value>100</value></field></item><item><field name="UF_NAME"><value>Тюменская область</value></field><field name="UF_COORDS"><value>57.152986, 65.541231</value></field><field name="UF_FAVORITE"/><field name="UF_CENTER"><value>1050</value></field><field name="UF_SORT"><value>100</value></field></item><item><field name="UF_NAME"><value>Магаданская область</value></field><field name="UF_COORDS"><value>59.565153, 150.808590</value></field><field name="UF_FAVORITE"/><field name="UF_CENTER"><value>658</value></field><field name="UF_SORT"><value>100</value></field></item><item><field name="UF_NAME"><value>Севастополь</value></field><field name="UF_COORDS"><value>44.556972, 33.526402</value></field><field name="UF_FAVORITE"/><field name="UF_CENTER"><value>101</value></field><field name="UF_SORT"><value>100</value></field></item></items>